-- ----------------------------
-- report_category 12条记录
-- ----------------------------
INSERT INTO `steel_linux`.`report_category` (`parent_id`, `name`, `code`, `leaf_node`, `sort`, `del_flag`, `remark`, `attr1`, `attr2`, `attr3`, `attr4`, `enname`, `attr5`) VALUES ('124', '7高炉上料装料日报表', 'gl_shangliaozhuangliao7', '1', NULL, '0', '7高炉', NULL, NULL, NULL, NULL, NULL, NULL);
INSERT INTO `steel_linux`.`report_category` (`parent_id`, `name`, `code`, `leaf_node`, `sort`, `del_flag`, `remark`, `attr1`, `attr2`, `attr3`, `attr4`, `enname`, `attr5`) VALUES ('124', '7高炉操作管理日记', 'gl_caozuoguanliriji7', '1', NULL, '0', '7高炉', NULL, NULL, NULL, NULL, NULL, NULL);
INSERT INTO `steel_linux`.`report_category` (`parent_id`, `name`, `code`, `leaf_node`, `sort`, `del_flag`, `remark`, `attr1`, `attr2`, `attr3`, `attr4`, `enname`, `attr5`) VALUES ('124', '7高炉日分析报告', 'gl_rishengchanfenxibaogao7_day', '1', NULL, '0', '7高炉', NULL, NULL, NULL, NULL, NULL, NULL);
INSERT INTO `steel_linux`.`report_category` (`parent_id`, `name`, `code`, `leaf_node`, `sort`, `del_flag`, `remark`, `attr1`, `attr2`, `attr3`, `attr4`, `enname`, `attr5`) VALUES ('124', '7高炉配料单', 'gl_peiliaodan7', '1', NULL, '0', '7高炉', '', NULL, NULL, NULL, NULL, NULL);
INSERT INTO `steel_linux`.`report_category` (`parent_id`, `name`, `code`, `leaf_node`, `sort`, `del_flag`, `remark`, `attr1`, `attr2`, `attr3`, `attr4`, `enname`, `attr5`) VALUES ('124', '7高炉月报汇总', 'gl_yuebaohuizong7', '1', NULL, '0', '7高炉', NULL, NULL, NULL, NULL, NULL, NULL);
INSERT INTO `steel_linux`.`report_category` (`parent_id`, `name`, `code`, `leaf_node`, `sort`, `del_flag`, `remark`, `attr1`, `attr2`, `attr3`, `attr4`, `enname`, `attr5`) VALUES ('124', '7高炉休风统计', 'gl_xiufengtongji7', '1', NULL, '0', '7高炉', NULL, NULL, NULL, NULL, NULL, NULL);
-- 出铁统计
INSERT INTO `steel_linux`.`report_category` (`parent_id`, `name`, `code`, `leaf_node`, `sort`, `del_flag`, `remark`, `attr1`, `attr2`, `attr3`, `attr4`, `enname`, `attr5`) VALUES ('295', '7高炉炉温合格率精益统计表', 'gl_luwenhegelv7', '1', NULL, '0', '7高炉', NULL, NULL, NULL, NULL, NULL, NULL);
INSERT INTO `steel_linux`.`report_category` (`parent_id`, `name`, `code`, `leaf_node`, `sort`, `del_flag`, `remark`, `attr1`, `attr2`, `attr3`, `attr4`, `enname`, `attr5`) VALUES ('295', '7高炉铁水一级品率精益统计表', 'gl_tieshuiyijipinlv7', '1', NULL, '0', '7高炉', NULL, NULL, NULL, NULL, NULL, NULL);
INSERT INTO `steel_linux`.`report_category` (`parent_id`, `name`, `code`, `leaf_node`, `sort`, `del_flag`, `remark`, `attr1`, `attr2`, `attr3`, `attr4`, `enname`, `attr5`) VALUES ('295', '7高炉炉渣碱度合格率精益统计表', 'gl_luzhajianduhegelv7', '1', NULL, '0', '7高炉', NULL, NULL, NULL, NULL, NULL, NULL);
INSERT INTO `steel_linux`.`report_category` (`parent_id`, `name`, `code`, `leaf_node`, `sort`, `del_flag`, `remark`, `attr1`, `attr2`, `attr3`, `attr4`, `enname`, `attr5`) VALUES ('295', '7高炉鱼雷罐装载率', 'gl_yuleiguanzhuang7', '1', NULL, '0', '7高炉', NULL, NULL, NULL, NULL, NULL, NULL);
INSERT INTO `steel_linux`.`report_category` (`parent_id`, `name`, `code`, `leaf_node`, `sort`, `del_flag`, `remark`, `attr1`, `attr2`, `attr3`, `attr4`, `enname`, `attr5`) VALUES ('295', '7高炉硅硫双命中率', 'gl_guiliushuangmingzhong7', '1', NULL, '0', '7高炉', NULL, NULL, NULL, NULL, NULL, NULL);
INSERT INTO `steel_linux`.`report_category` (`parent_id`, `name`, `code`, `leaf_node`, `sort`, `del_flag`, `remark`, `attr1`, `attr2`, `attr3`, `attr4`, `enname`, `attr5`) VALUES ('295', '7高炉有效出铁比率及出渣比率', 'gl_chutiexiaolv7', '1', NULL, '0', '7高炉', NULL, NULL, NULL, NULL, NULL, NULL);

-- -----------------------------------
-- report_category_template 12条记录
-- -----------------------------------
INSERT INTO `steel_linux`.`report_category_template` (`report_category_code`, `sequence`, `template_name`, `template_path`, `template_type`, `template_lang`, `excel_path`, `build`, `build_unit`, `build_delay`, `build_delay_unit`, `cron`, `forbid`, `remark`, `attr1`, `attr2`, `attr3`, `attr4`, `attr5`, `makeup_interval`, `cron_setting_method`, `cron_json_string`, `is_dynamic_report`, `template_config_id`) VALUES ('gl_shangliaozhuangliao7', '7高炉', '7高炉上料装料日报表', '/u01/templates/7高炉/炉内报表/cn_zh/7高炉上料装料日报表.xlsx', 'report_day', 'cn_zh', '', NULL, '', NULL, '', '0 15 6 * * ? *', '0', '', '1', '', '', '', '', 1, 1, '', '0', NULL);
INSERT INTO `steel_linux`.`report_category_template` (`report_category_code`, `sequence`, `template_name`, `template_path`, `template_type`, `template_lang`, `excel_path`, `build`, `build_unit`, `build_delay`, `build_delay_unit`, `cron`, `forbid`, `remark`, `attr1`, `attr2`, `attr3`, `attr4`, `attr5`, `makeup_interval`, `cron_setting_method`, `cron_json_string`, `is_dynamic_report`, `template_config_id`) VALUES ('gl_caozuoguanliriji7', '7高炉', '7高炉操作管理日记', '/u01/templates/7高炉/炉内报表/cn_zh/7高炉操作管理日记.xlsx', 'report_day', 'cn_zh', '', NULL, '', NULL, '', '0 0 6 * * ? *', '0', '', '1', '', '', '', '', 1, 1, '', '0', NULL);
INSERT INTO `steel_linux`.`report_category_template` (`report_category_code`, `sequence`, `template_name`, `template_path`, `template_type`, `template_lang`, `excel_path`, `build`, `build_unit`, `build_delay`, `build_delay_unit`, `cron`, `forbid`, `remark`, `attr1`, `attr2`, `attr3`, `attr4`, `attr5`, `makeup_interval`, `cron_setting_method`, `cron_json_string`, `is_dynamic_report`, `template_config_id`) VALUES ('gl_rishengchanfenxibaogao7_day', '7高炉', '7高炉日分析报告', '/u01/templates/7高炉/炉内报表/cn_zh/7高炉日分析报告.docx', 'report_day', 'cn_zh', '', NULL, NULL, NULL, '', NULL, '0', '', '0', '', '', '', '', 0, 0, NULL, '0', NULL);
INSERT INTO `steel_linux`.`report_category_template` (`report_category_code`, `sequence`, `template_name`, `template_path`, `template_type`, `template_lang`, `excel_path`, `build`, `build_unit`, `build_delay`, `build_delay_unit`, `cron`, `forbid`, `remark`, `attr1`, `attr2`, `attr3`, `attr4`, `attr5`, `makeup_interval`, `cron_setting_method`, `cron_json_string`, `is_dynamic_report`, `template_config_id`) VALUES ('gl_peiliaodan7', '7高炉', '7高炉配料单', '/u01/templates/7高炉/炉内报表/cn_zh/7高炉配料单.xlsx', 'report_day', 'cn_zh', NULL, NULL, NULL, NULL, NULL, NULL, '0', NULL, '1', NULL, NULL, NULL, NULL, 5, 0, NULL, '0', NULL);
INSERT INTO `steel_linux`.`report_category_template` (`report_category_code`, `sequence`, `template_name`, `template_path`, `template_type`, `template_lang`, `excel_path`, `build`, `build_unit`, `build_delay`, `build_delay_unit`, `cron`, `forbid`, `remark`, `attr1`, `attr2`, `attr3`, `attr4`, `attr5`, `makeup_interval`, `cron_setting_method`, `cron_json_string`, `is_dynamic_report`, `template_config_id`) VALUES ('gl_yuebaohuizong7', '7高炉', '7高炉月报汇总', '/u01/templates/7高炉/炉内报表/cn_zh/7高炉月报汇总.xlsx', 'report_month', 'cn_zh', '', NULL, '', NULL, '', '0 20 6 * * ? *', '0', '', '1', '', '', '', '', 5, 0, '[{\"id\":\"seconds\",\"order\":3,\"value\":[0]},{\"id\":\"minutes\",\"order\":3,\"value\":[20]},{\"id\":\"hours\",\"order\":3,\"value\":[6]},{\"id\":\"days\",\"order\":1,\"value\":\"*\"},{\"id\":\"months\",\"order\":1,\"value\":\"*\"},{\"id\":\"weeks\",\"order\":1,\"value\":\"?\"},{\"id\":\"years\",\"order\":0,\"value\":\"\"}]', '0', NULL);
INSERT INTO `steel_linux`.`report_category_template` (`report_category_code`, `sequence`, `template_name`, `template_path`, `template_type`, `template_lang`, `excel_path`, `build`, `build_unit`, `build_delay`, `build_delay_unit`, `cron`, `forbid`, `remark`, `attr1`, `attr2`, `attr3`, `attr4`, `attr5`, `makeup_interval`, `cron_setting_method`, `cron_json_string`, `is_dynamic_report`, `template_config_id`) VALUES ('gl_xiufengtongji7', '7高炉', '7高炉休风统计', '/u01/templates/7高炉/炉内报表/cn_zh/7高炉休风统计.xlsx', 'report_month', 'cn_zh', '', NULL, '', NULL, '', '0 15 10 1 * ?', '0', '', '0', '', '', '', '', '5', '1', '', '0', NULL);
-- 出铁统计
INSERT INTO `steel_linux`.`report_category_template` (`report_category_code`, `sequence`, `template_name`, `template_path`, `template_type`, `template_lang`, `excel_path`, `build`, `build_unit`, `build_delay`, `build_delay_unit`, `cron`, `forbid`, `remark`, `attr1`, `attr2`, `attr3`, `attr4`, `attr5`, `makeup_interval`, `cron_setting_method`, `cron_json_string`, `is_dynamic_report`, `template_config_id`) VALUES ('gl_luwenhegelv7', '7高炉', '7高炉炉温合格率精益统计表', '/u01/templates/7高炉/炉内报表/cn_zh/7高炉炉温合格率精益统计表.xlsx', 'report_month', 'cn_zh', '', NULL, '', NULL, '', '0 5 6 * * ? *', '0', '', '0', '', '', '', '', 5, 1, '', '0', NULL);
INSERT INTO `steel_linux`.`report_category_template` (`report_category_code`, `sequence`, `template_name`, `template_path`, `template_type`, `template_lang`, `excel_path`, `build`, `build_unit`, `build_delay`, `build_delay_unit`, `cron`, `forbid`, `remark`, `attr1`, `attr2`, `attr3`, `attr4`, `attr5`, `makeup_interval`, `cron_setting_method`, `cron_json_string`, `is_dynamic_report`, `template_config_id`) VALUES ('gl_tieshuiyijipinlv7', '7高炉', '7高炉铁水一级品率精益统计表', '/u01/templates/7高炉/炉内报表/cn_zh/7高炉铁水一级品率精益统计表.xlsx', 'report_month', 'cn_zh', '', NULL, '', NULL, '', '0 10 6 * * ? *', '0', '', '0', '', '', '', '', 5, 1, '', '0', NULL);
INSERT INTO `steel_linux`.`report_category_template` (`report_category_code`, `sequence`, `template_name`, `template_path`, `template_type`, `template_lang`, `excel_path`, `build`, `build_unit`, `build_delay`, `build_delay_unit`, `cron`, `forbid`, `remark`, `attr1`, `attr2`, `attr3`, `attr4`, `attr5`, `makeup_interval`, `cron_setting_method`, `cron_json_string`, `is_dynamic_report`, `template_config_id`) VALUES ('gl_luzhajianduhegelv7', '7高炉', '7高炉炉渣碱度合格率精益统计表', '/u01/templates/7高炉/炉内报表/cn_zh/7高炉炉渣碱度合格率精益统计表.xlsx', 'report_month', 'cn_zh', '', NULL, '', NULL, '', '0 15 6 * * ? *', '0', '', '0', '', '', '', '', 5, 1, '', '0', NULL);
INSERT INTO `steel_linux`.`report_category_template` (`report_category_code`, `sequence`, `template_name`, `template_path`, `template_type`, `template_lang`, `excel_path`, `build`, `build_unit`, `build_delay`, `build_delay_unit`, `cron`, `forbid`, `remark`, `attr1`, `attr2`, `attr3`, `attr4`, `attr5`, `makeup_interval`, `cron_setting_method`, `cron_json_string`, `is_dynamic_report`, `template_config_id`) VALUES ('gl_yuleiguanzhuang7', '7高炉', '7高炉鱼雷罐装载率', '/u01/templates/7高炉/炉内报表/cn_zh/7高炉鱼雷罐装载率.xlsx', 'report_month', 'cn_zh', '', NULL, '', NULL, '', '0 17 6 * * ? *', '0', '', '1', '', '', '', '', 5, 1, '', '0', NULL);
INSERT INTO `steel_linux`.`report_category_template` (`report_category_code`, `sequence`, `template_name`, `template_path`, `template_type`, `template_lang`, `excel_path`, `build`, `build_unit`, `build_delay`, `build_delay_unit`, `cron`, `forbid`, `remark`, `attr1`, `attr2`, `attr3`, `attr4`, `attr5`, `makeup_interval`, `cron_setting_method`, `cron_json_string`, `is_dynamic_report`, `template_config_id`) VALUES ('gl_guiliushuangmingzhong7', '7高炉', '7高炉硅硫双命中率', '/u01/templates/7高炉/炉内报表/cn_zh/7高炉硅硫双命中率.xlsx', 'report_month', 'cn_zh', '', NULL, '', NULL, '', '0 13 6 * * ? *', '0', '', '1', '', '', '', '', 5, 1, '', '0', NULL);
INSERT INTO `steel_linux`.`report_category_template` (`report_category_code`, `sequence`, `template_name`, `template_path`, `template_type`, `template_lang`, `excel_path`, `build`, `build_unit`, `build_delay`, `build_delay_unit`, `cron`, `forbid`, `remark`, `attr1`, `attr2`, `attr3`, `attr4`, `attr5`, `makeup_interval`, `cron_setting_method`, `cron_json_string`, `is_dynamic_report`, `template_config_id`) VALUES ('gl_chutiexiaolv7', '7高炉', '7高炉有效出铁比率及出渣比率', '/u01/templates/7高炉/出铁统计报表/cn_zh/7高炉有效出铁比率及出渣比率.xlsx', 'report_year', 'cn_zh', '', NULL, '', NULL, '', '0 11 6 * * ? *', '0', '', '1', '', '', '', '', '5', '1', '', '0', NULL);

-- -----------------------------------
-- sys_config 11条记录
-- -----------------------------------
INSERT INTO `steel_linux`.`sys_config` (`code`, `action`, `name`, `class_name`) VALUES ('gl_shangliaozhuangliao7', 'com.cisdi.steel.module.job.gl.ShangLiaoZhuangLiao7Job', '7高炉上料装料日报表', NULL);
INSERT INTO `steel_linux`.`sys_config` (`code`, `action`, `name`, `class_name`) VALUES ('gl_caozuoguanliriji7', 'com.cisdi.steel.module.job.gl.CaoZuoGuanLiRiJi7Job', '7高炉操作管理日记', NULL);
INSERT INTO `steel_linux`.`sys_config` (`code`, `action`, `name`, `class_name`) VALUES ('gl_peiliaodan7', 'com.cisdi.steel.module.job.a1.PeiLiaoDan7Job', '7高炉配料单报表', NULL);
INSERT INTO `steel_linux`.`sys_config` (`code`, `action`, `name`, `class_name`) VALUES ('gl_yuebaohuizong7', 'com.cisdi.steel.module.job.gl.YueBaoHuiZong7Job', '7高炉月报汇总', NULL);
INSERT INTO `steel_linux`.`sys_config` (`code`, `action`, `name`, `class_name`) VALUES ('gl_xiufengtongji7', 'com.cisdi.steel.module.job.gl.XiuFengTongJi7Job', '7高炉休风统计', NULL);
-- 出铁统计
INSERT INTO `steel_linux`.`sys_config` (`code`, `action`, `name`, `class_name`) VALUES ('gl_luwenhegelv7', 'com.cisdi.steel.module.job.gl.LuWenHeGeLv7Job', '7高炉炉温合格率精益统计表', NULL);
INSERT INTO `steel_linux`.`sys_config` (`code`, `action`, `name`, `class_name`) VALUES ('gl_tieshuiyijipinlv7', 'com.cisdi.steel.module.job.gl.TieShuiYiJiPinLv7Job', '7高炉铁水一级品率精益统计表', NULL);
INSERT INTO `steel_linux`.`sys_config` (`code`, `action`, `name`, `class_name`) VALUES ('gl_luzhajianduhegelv7', 'com.cisdi.steel.module.job.gl.LuZhaJianDuHeGeLv7Job', '7高炉炉渣碱度合格率精益统计表', NULL);
INSERT INTO `steel_linux`.`sys_config` (`code`, `action`, `name`, `class_name`) VALUES ('gl_guiliushuangmingzhong7', 'com.cisdi.steel.module.job.gl.GuiLiuShuangMingZhongLv7Job', '7高炉硅硫双命中率', NULL);
INSERT INTO `steel_linux`.`sys_config` (`code`, `action`, `name`, `class_name`) VALUES ('gl_yuleiguanzhuang7', 'com.cisdi.steel.module.job.gl.YuLeiGuanZhuangZaiLv7Job', '7高炉鱼雷罐装载率', NULL);
INSERT INTO `steel_linux`.`sys_config` (`code`, `action`, `name`, `class_name`) VALUES ('gl_chutiexiaolv7', 'com.cisdi.steel.module.job.gl.ChuTieXiaoLv7Job', '7高炉有效出铁比率及出渣比率', NULL);
